{
  "windows": 671,
  "gapA_mean": 0.06668255589984595,
  "gapB_mean": 0.033369662054867515,
  "gapA_p05": 0.02138044085443591,
  "gapA_p95": 0.1131652742689922,
  "gapB_p05": -0.016561493249121706,
  "gapB_p95": 0.10383728242109652
}