{
  "windows": 701,
  "gapA_mean": 0.09733770841855349,
  "gapB_mean": 0.04245857964945063,
  "gapA_p05": 0.052023692905444285,
  "gapA_p95": 0.1502581359360714
}