{
  "k=5": {
    "settings": {
      "rmin": 0.3,
      "rmax": 0.95,
      "rstep": 0.01,
      "n": 150000,
      "burn": 2000,
      "grid_sizes": [
        16,
        32,
        64,
        128,
        256,
        512
      ],
      "padding": 0.02,
      "occ_grid": 512
    },
    "r": [
      0.3,
      0.31,
      0.32,
      0.33,
      0.34,
      0.35000000000000003,
      0.36000000000000004,
      0.37000000000000005,
      0.38000000000000006,
      0.39000000000000007,
      0.4000000000000001,
      0.4100000000000001,
      0.4200000000000001,
      0.4300000000000001,
      0.4400000000000001,
      0.4500000000000001,
      0.46000000000000013,
      0.47000000000000014,
      0.48000000000000015,
      0.49000000000000016,
      0.5000000000000001,
      0.5100000000000001,
      0.5200000000000001,
      0.5300000000000001,
      0.5400000000000001,
      0.5500000000000002,
      0.5600000000000002,
      0.5700000000000002,
      0.5800000000000002,
      0.5900000000000002,
      0.6000000000000002,
      0.6100000000000002,
      0.6200000000000002,
      0.6300000000000002,
      0.6400000000000002,
      0.6500000000000002,
      0.6600000000000003,
      0.6700000000000003,
      0.6800000000000003,
      0.6900000000000003,
      0.7000000000000003,
      0.7100000000000003,
      0.7200000000000003,
      0.7300000000000003,
      0.7400000000000003,
      0.7500000000000003,
      0.7600000000000003,
      0.7700000000000004,
      0.7800000000000004,
      0.7900000000000004,
      0.8000000000000004,
      0.8100000000000004,
      0.8200000000000004,
      0.8300000000000004,
      0.8400000000000004,
      0.8500000000000004,
      0.8600000000000004,
      0.8700000000000004,
      0.8800000000000004,
      0.8900000000000005,
      0.9000000000000005,
      0.9100000000000005,
      0.9200000000000005,
      0.9300000000000005,
      0.9400000000000005,
      0.9500000000000005
    ],
    "index_real": [
      1.2330377414891829,
      1.2815789950083882,
      1.3287089797644727,
      1.3768792666037175,
      1.412179908100441,
      1.4627143858946756,
      1.5078000391316342,
      1.5673323529052907,
      1.5564379846969802,
      1.5853835483330616,
      1.6265898339192755,
      1.661122601218324,
      1.6833137117060408,
      1.7102026991581145,
      1.72844055296268,
      1.7501027540909773,
      1.7686870344171057,
      1.7731749116164095,
      1.7839453608667728,
      1.789603799280315,
      1.7897533753235877,
      1.7689116044137374,
      1.7718345181937094,
      1.7692604545611816,
      1.7701649449683807,
      1.7609222745884288,
      1.7563469873952586,
      1.7530387635954798,
      1.7434580619361906,
      1.7280619477195391,
      1.7258987300153408,
      1.72010731906923,
      1.7230146909951312,
      1.725376414509095,
      1.7207976814941175,
      1.7204034847867329,
      1.720261327103672,
      1.7207029168081798,
      1.732759816477173,
      1.7544635484975883,
      1.7543746386450927,
      1.767547536862883,
      1.7724918991328558,
      1.7760388148168444,
      1.776502576386102,
      1.791098427085544,
      1.8106588183002135,
      1.818094446535167,
      1.816150563465677,
      1.8190846130640403,
      1.8237999090975308,
      1.836350216440302,
      1.8377365112331105,
      1.8608590054300944,
      1.8536404404403937,
      1.8510632387299593,
      1.8471499768332138,
      1.860952353303041,
      1.8624766675529651,
      1.859198193122904,
      1.8503359876354695,
      1.8703518278048106,
      1.8432398616482586,
      1.8327224929768324,
      1.84265939349093,
      1.8467812366207872
    ],
    "index_null_yperm": [
      1.71077798557766,
      1.7278976282641052,
      1.7463412965736131,
      1.7682064482521942,
      1.7764741573308125,
      1.7777655785633226,
      1.763102690848523,
      1.779950449930749,
      1.7665287404386045,
      1.7764936565460572,
      1.7852159409135497,
      1.7764088744528537,
      1.763993782874825,
      1.7682160177006536,
      1.774507744173815,
      1.7738035764924966,
      1.7766315656417926,
      1.7437732049471857,
      1.7429088904452228,
      1.746671072820268,
      1.7490388238154642,
      1.719799706126595,
      1.7151575253410167,
      1.717318013704781,
      1.7195111889674974,
      1.6948687676375753,
      1.691710072067184,
      1.6918812872516245,
      1.69157953620895,
      1.6805638883899636,
      1.6817279569379744,
      1.6838636021004856,
      1.6931772887642356,
      1.7077777116631736,
      1.7063380166733533,
      1.7099096556068205,
      1.7141328939384057,
      1.7145014508395318,
      1.7286456255974079,
      1.7502221434197052,
      1.7518280362052265,
      1.7649083347637633,
      1.769831824728692,
      1.7726932753639266,
      1.7746590869561527,
      1.790055458502543,
      1.809524591192957,
      1.8169928833350133,
      1.8154790795473694,
      1.8184270822053876,
      1.8226265003074604,
      1.836347848578032,
      1.8375041620779344,
      1.8606544702685026,
      1.8531967815776573,
      1.8508960775026388,
      1.8458599179560684,
      1.8601877459706029,
      1.8616665309381293,
      1.859046914518653,
      1.850385015704201,
      1.870372126154318,
      1.8432630436168513,
      1.8329327983946273,
      1.8429624924688572,
      1.8468631927970556
    ],
    "index_null_occ": [
      1.3054686771666815,
      1.3423383504361674,
      1.385707479027474,
      1.4325741488239205,
      1.4666730423954455,
      1.5058160483594005,
      1.5534847548541957,
      1.6019194906280654,
      1.585142867546244,
      1.610001388250899,
      1.6474098829780313,
      1.6761981452077312,
      1.6959226011967568,
      1.714828552821631,
      1.7339348942273816,
      1.7494419594661914,
      1.7616986088460913,
      1.7675002892301814,
      1.7757400941396253,
      1.7780556400665355,
      1.7767334564455781,
      1.7584934507962855,
      1.7587581358663185,
      1.755191889157009,
      1.753221165853548,
      1.747964415794894,
      1.7410322363629551,
      1.7326789105257523,
      1.7278963549148239,
      1.7106909969843862,
      1.7054457077104261,
      1.703062532598993,
      1.7059410005150513,
      1.71006851152775,
      1.706417871051203,
      1.7079837863089378,
      1.7027902979253886,
      1.7022032584408986,
      1.7151782140623952,
      1.7376890392258093,
      1.735316514108585,
      1.755122462715818,
      1.7575666847121347,
      1.760882540742521,
      1.7682944616418752,
      1.7752671350007683,
      1.8003124055874433,
      1.802889537957834,
      1.806672203981141,
      1.8068154182431304,
      1.8189433230594825,
      1.8256806381117936,
      1.835095323027931,
      1.8404700614886138,
      1.8454708471084091,
      1.8480222120488539,
      1.8337932619273147,
      1.8573044859428558,
      1.8278772984336153,
      1.8451423249268033,
      1.8367663683456998,
      1.8522537169818005,
      1.8308760159470527,
      1.8182125418734825,
      1.8672290293622869,
      1.8340028159456323
    ],